A	B	Competition	Complementarity
Pauljensenia_sp900541895	Streptococcus_AIMSoral1	0.5703703703703700	0.11363636363636400
Pauljensenia_sp900541895	Rothia_AIMSoral2	0.5777777777777780	0.16129032258064500
Streptococcus_AIMSoral1	Pauljensenia_sp900541895	0.5167785234899330	0.12359550561797800
Streptococcus_AIMSoral1	Rothia_AIMSoral2	0.6241610738255030	0.16964285714285700
Rothia_AIMSoral2	Pauljensenia_sp900541895	0.4588235294117650	0.11363636363636400
Rothia_AIMSoral2	Streptococcus_AIMSoral1	0.5470588235294120	0.08823529411764710